id,full_name,full_name_kana,sex,tel,fax,mobile,email,zip,prefecture,city,house_number,birthday,hometown,blood,religion,role_courtship,role_matchmaker,matchmaker_id
2,上岡 保之,カミオカ ヤスユキ,男,572590801,,9028891891,yasuyuki68085@fpyuvlwlgk.yb,501-6265,岐阜県,羽島市,小熊町川口前43510,1964/5/22,山梨県,O,christ,FALSE,TRUE,
3,大石 忠良,オオイシ タダヨシ,男,779173940,,9057449504,tadayoshi9433@vltzywpra.lqykq.vzn,910-3623,福井県,福井市,島寺町4-15-5,1988/5/23,神奈川県,O,christ,FALSE,TRUE,
4,竹内 徹子,タケウチ テツコ,女,385959419,385959420,9040812254,otakeuchi@cpcoxbws.afqi.vzu,162-0855,東京都,新宿区,二十騎町43531,1969/4/11,東京都,O,christ,FALSE,TRUE,
5,西脇 晴子,ニシワキ ハルコ,女,976473741,,8023765233,haruko_nishiwaki@nurbvjnhp.rb,875-0051,大分県,臼杵市,戸室37081,1990/7/12,岡山県,O,christ,FALSE,TRUE,
6,池内 嶺,イケウチ リョウ,男,191207224,,8068048514,z=mefdxgqairyou30649@jrpbrzk.evimy.qyc,028-7552,岩手県,八幡平市,安代寄木37580,1991/1/22,秋田県,A,christ,FALSE,TRUE,
7,川島 志保,カワシマ シホ,女,766484222,,8084062281,shihokawashima@bdxu.ghb,939-2632,富山県,富山市,婦中町吉住43477,1973/8/20,秋田県,O,christ,FALSE,TRUE,
8,中澤 華音,ナカザワ カノン,女,575348507,,9046156826,kanon0880@opyczjbt.oy,501-5627,岐阜県,大野郡白川村,荻町4-19-9,1999/7/19,栃木県,A,christ,FALSE,TRUE,
9,笹森 美樹,ササモリ ミキ,女,825800696,,9048702713,miki087@leldww.ni,729-3106,広島県,福山市,新市町上安井43535,1997/9/7,愛媛県,O,christ,FALSE,TRUE,
10,明石 智恵,アカイシ チエ,女,79849335,,8047507554,chie21723@oifxzrfb.tcxad.ya,668-0084,兵庫県,豊岡市,福田37629,1963/11/11,新潟県,AB,christ,FALSE,TRUE,
11,大城 百恵,オオシロ モモエ,女,857869440,,8065283532,vljrvzemomoe399@kmmt.zh,682-0023,鳥取県,倉吉市,山根37656,1980/2/8,千葉県,O,christ,TRUE,FALSE,5
12,楠 華蓮,クスノキ カレン,女,764946399,,8032602251,Karen_Kusunoki@btxzmiwl.nl,924-0042,石川県,白山市,東柏町37111,1978/7/13,静岡県,O,christ,TRUE,FALSE,6
13,福山 清花,フクヤマ サヤカ,女,93297327,,9082256708,sayaka5508@idtuyrqrna.vc,814-0162,福岡県,福岡市早良区,星の原団地43567,1969/6/8,宮城県,O,christ,TRUE,FALSE,7
14,大村 十郎,オオムラ ジュウロウ,男,79171581,79171581,8087829201,juurou_oomura@ozatb.pawy.qx,675-2401,兵庫県,加西市,国正町1-14-18,1991/8/12,岩手県,A,christ,TRUE,FALSE,5
15,長瀬 遥,ナガセ ハルカ,女,280680033,,9027716367,haruka045@dxjyabedy.fhy,321-3304,栃木県,芳賀郡芳賀町,祖母井1-19-9,1979/2/28,長野県,O,christ,TRUE,FALSE,6
16,黒木 由香里,クロキ ユカリ,女,742090162,,8018175351,yukarikuroki@fifnk.zp,630-2164,奈良県,奈良市,南田原町4-17-5,1975/4/14,熊本県,A,christ,TRUE,FALSE,4
17,菊地 照子,キクチ テルコ,女,930144001,,8018475234,terukokikuchi@neiecoob.cjs,810-0802,福岡県,福岡市博多区,中洲中島町43536,1997/10/15,鳥取県,A,christ,TRUE,FALSE,2
18,島津 真子,シマヅ マコ,女,767205999,,9035682329,mako37040@qxsipdzcyb.ojw,920-0356,石川県,金沢市,専光寺町43557,1983/6/8,新潟県,AB,christ,TRUE,FALSE,6
19,河原 梨子,カワハラ リコ,女,972704397,,8040790264,Riko_Kawahara@gkjekud.ypg,876-2121,大分県,佐伯市,木立43504,1973/4/1,岡山県,A,christ,TRUE,FALSE,2
20,松原 豊子,マツバラ トヨコ,女,995858335,995858336,8063138811,toyoko26572@ysfb.idl,893-2401,鹿児島県,肝属郡錦江町,田代麓4-15-18,1960/7/8,新潟県,A,christ,TRUE,FALSE,5
21,持田 達,モチダ トオル,男,748608685,,9079966876,tooru44999@aikfivagot.gw,527-0206,滋賀県,東近江市,杠葉尾町43538,1983/5/6,大分県,O,christ,TRUE,FALSE,5
22,首藤 歩実,シュドウ アユミ,女,924160319,,9064797449,ayumi_shudou@vbcqdgalpf.tjp,836-0813,福岡県,大牟田市,平原町37104,1979/9/6,東京都,A,christ,TRUE,FALSE,5
23,高原 嘉男,タカハラ ヨシオ,男,84747560,,8028037750,yoshio62535@kbjo.dsc,729-1333,広島県,三原市,大和町下草井43501,1963/11/10,栃木県,O,christ,TRUE,FALSE,4
24,平塚 萌花,ヒラツカ モエカ,女,934154667,,9077339005,moeka638@thpfmncew.fde,824-0003,福岡県,行橋市,大橋37290,1972/6/23,大分県,O,christ,TRUE,FALSE,7
25,古屋 恒敏,フルヤ ツネトシ,男,456801328,,8040403202,tsunetoshi8014@odempn.zf,243-0034,神奈川県,厚木市,船子37851,1992/2/25,埼玉県,A,christ,TRUE,FALSE,3
26,池上 辰男,イケガミ タツオ,男,954809412,,8089567438,tatsuo86270@qerm.fc,857-4411,長崎県,南松浦郡新上五島町,相河郷36942,1989/6/5,長野県,B,christ,TRUE,FALSE,6
27,大槻 秀之,オオツキ ヒデユキ,男,85830527,,9066973384,iootsuki@bvmjyjdnyh.du.lrh,680-1444,鳥取県,鳥取市,松原37784,1975/3/11,滋賀県,O,christ,TRUE,FALSE,5
28,小野田 楓花,オノダ フウカ,女,954138188,,8047048362,Fuuka_Onoda@lxmm.xkg.amd,848-0116,佐賀県,伊万里市,波多津町井野尾43485,1964/5/24,沖縄県,A,christ,TRUE,FALSE,5
29,上岡 陽華,カミオカ ハルカ,女,871551519,,9089714639,akamioka@xtluo.uzk,765-0001,香川県,善通寺市,仙遊町37809,1991/12/19,群馬県,A,christ,TRUE,FALSE,5
30,高津 美里,タカツ ミサト,女,294859691,,8072611046,misato_takatsu@ktcjlh.kb,301-0847,茨城県,龍ケ崎市,城ノ内37641,1996/7/5,宮崎県,A,christ,TRUE,FALSE,4
31,沼田 衛,ヌマタ マモル,男,749568701,,8045363301,qf-fwqmtalqmamoru494@bvxn.ups,520-2572,滋賀県,蒲生郡竜王町,西川37390,1984/2/1,福岡県,O,christ,TRUE,FALSE,5
32,西野 雅紹,ニシノ マサツグ,男,184508729,,8033852154,masatsugunishino@uzbh.lmx,013-0446,秋田県,横手市,大雄乗阿気37238,1975/1/13,福井県,O,christ,TRUE,FALSE,5
33,新谷 愛香,アラヤ アイカ,女,952244653,,9084576772,aika8570@kbhdaokjwe.qetg.jf,847-1507,佐賀県,唐津市,肥前町満越3-14-6,1984/4/11,奈良県,O,christ,TRUE,FALSE,5
34,増田 花凛,マスダ カリン,女,295317580,,9054305160,pidibgzkarin7708@xrafglhq.qbs,306-0432,茨城県,猿島郡境町,下小橋43571,1980/7/10,新潟県,A,christ,TRUE,FALSE,5
35,冨田 宏江,トミタ ヒロエ,女,622647104,622647104,8080815392,hiroe978@wpefypbdlr.zjm,563-0052,大阪府,池田市,城山町43472,1962/8/29,富山県,A,christ,TRUE,FALSE,7
36,橋爪 羽奈,ハシヅメ ハナ,女,162500421,162500421,8031646856,ahashizume@etduq.ay,068-3186,北海道,岩見沢市,清水町43534,1973/4/23,富山県,O,christ,TRUE,FALSE,3
37,小久保 崇,コクボ タカシ,男,733837242,,8050811299,takashi74574@ntavzecq.sh,640-8124,和歌山県,和歌山市,雄松町38204,1961/9/27,鹿児島県,A,christ,TRUE,FALSE,5
38,内村 紗季,ウチムラ サキ,女,227140677,,9067441563,Saki_Uchimura@ncguhw.bl,989-5334,宮城県,栗原市,栗駒嶺崎2-17-7,1969/3/27,長崎県,O,buddhism,TRUE,FALSE,6
39,馬場 潔,ババ キヨシ,男,365154456,,9020009051,ibaba@qfqkkees.btw,136-0074,東京都,江東区,東砂3-20-4,1983/9/11,奈良県,AB,buddhism,TRUE,FALSE,7
40,香坂 瑞穂,コウサカ ミズホ,女,597744039,,9067537474,mizuho113@bmudphq.zm,515-0315,三重県,多気郡明和町,蓑村37565,1998/5/28,神奈川県,A,buddhism,TRUE,FALSE,4
41,滝沢 善雄,タキザワ ヨシオ,男,277896089,277896090,9083402087,yoshio719@bxuejbo.uqa,377-1525,群馬県,吾妻郡嬬恋村,西窪2-17-9,1987/10/25,山梨県,A,buddhism,TRUE,FALSE,6
42,堀田 正洋,ホッタ マサヒロ,男,832314214,,8095431943,ohotta@ljkqkpuz.bl.iz,754-1312,山口県,宇部市,棯小野43560,1970/9/13,福島県,B,buddhism,TRUE,FALSE,8
43,碓井 拓海,ウスイ タクミ,男,969024370,,9055817585,takumiusui@kijshan.bcu,868-0603,熊本県,球磨郡湯前町,古城3-18-9,1996/6/25,福島県,O,buddhism,TRUE,FALSE,1
44,角田 寿,カクタ ヒサシ,男,449704575,,8062698197,hisashi763@pqjhwcre.sda,220-0044,神奈川県,横浜市西区,紅葉ケ丘2-14-4,1986/10/20,岐阜県,A,buddhism,TRUE,FALSE,2
45,鈴木 幸治,スズキ コウジ,男,896372727,,9030398833,kouji6457@dtjvkxq.kb,798-0081,愛媛県,宇和島市,中沢町37624,1971/2/7,青森県,A,buddhism,TRUE,FALSE,8
46,神谷 亨,カミヤ トオル,男,648196172,,9030144883,tooru46245@iyrsohbyqb.yom,590-0054,大阪府,堺市堺区,京町通37561,1991/9/21,群馬県,A,buddhism,TRUE,FALSE,5
47,黒岩 寿,クロイワ ヒサシ,男,185918082,,8070886278,Hisashi_Kuroiwa@izrd.tal,014-0064,秋田県,大仙市,小貫高畑4-14-12,1989/5/9,山形県,A,buddhism,TRUE,FALSE,4
48,守屋 孝志,モリヤ タカシ,男,880105486,,8066949873,takashi478@fgcyrop.kp.isd,781-3705,高知県,土佐郡大川村,大北川2-20-4,1993/4/29,和歌山県,O,buddhism,TRUE,FALSE,5
49,堀 菜々美,ホリ ナナミ,女,762525610,,9035122991,nanamihori@dtpssulu.djk,939-0544,富山県,富山市,水橋上砂子坂37660,1966/12/3,広島県,A,buddhism,TRUE,FALSE,8
50,狩野 杏樹,カノウ アンジュ,女,748838601,748838602,8035916346,anju15396@cvmcsxtfsy.vr,526-0058,滋賀県,長浜市,南呉服町1-16-9,1980/12/30,滋賀県,O,buddhism,TRUE,FALSE,5
51,赤松 陸太郎,アカマツ リクタロウ,男,987960317,,8058959422,rikutarou188@jiikxlhz.pm,882-0883,宮崎県,延岡市,下三輪町43514,1999/10/3,茨城県,B,buddhism,TRUE,FALSE,5
52,南 昌彦,ミナミ マサヒコ,男,96885270,,9026287651,masahiko314@wuhjl.qz,864-0013,熊本県,荒尾市,上井手36935,1980/5/6,北海道,A,buddhism,TRUE,FALSE,6
53,栗林 明莉,クリバヤシ アカリ,女,960013150,960013150,9095088631,akari_kuribayashi@iclcpn.cv,869-0113,熊本県,玉名郡長洲町,有明37625,1983/3/30,東京都,A,buddhism,TRUE,FALSE,3
54,福山 道雄,フクヤマ ミチオ,男,532790813,,8058566171,michio_fukuyama@bhnsxlocnk.tr,428-0303,静岡県,榛原郡川根本町,壱町河内38065,1968/10/30,北海道,A,buddhism,TRUE,FALSE,7
55,大沼 真里,オオヌマ マリ,女,543705129,,9035168260,ioonuma@pyxjczruvy.gl,410-0038,静岡県,沼津市,三芳町43514,1969/8/4,佐賀県,O,buddhism,TRUE,FALSE,5
56,大橋 乃愛,オオハシ ノア,女,558412761,,8066635052,aoohashi@luhtbi.gwl,424-0026,静岡県,静岡市清水区,八坂南町43542,1979/3/30,新潟県,O,buddhism,TRUE,FALSE,5
57,岩田 茂行,イワタ シゲユキ,男,569651848,,9032742924,shigeyuki677@hwprsqyl.li,444-2115,愛知県,岡崎市,百々町37122,1965/3/24,兵庫県,B,buddhism,TRUE,FALSE,2
58,岩渕 信子,イワブチ ノブコ,女,736604435,,,oiwabuchi@qwaedwg.nd.mk,640-8290,和歌山県,和歌山市,西長町43528,1963/12/21,北海道,O,buddhism,TRUE,FALSE,2
59,山城 安弘,ヤマシロ ヤスヒロ,男,74456556,,8060730868,Yasuhiro_Yamashiro@rvbec.szo.pgt,636-0905,奈良県,生駒郡平群町,上庄43566,1965/6/3,東京都,B,buddhism,TRUE,FALSE,5
60,村田 謙多郎,ムラタ ケンタロウ,男,747420094,,8060882456,Kentarou_Murata@ucvibybf.xb.qf,637-1104,奈良県,吉野郡十津川村,高津38086,1968/1/24,沖縄県,A,buddhism,TRUE,FALSE,5
61,松元 靖彦,マツモト ヤスヒコ,男,257853802,,9082308048,yasuhiko4840@briutx.bmliq.gw,950-1214,新潟県,新潟市南区,上下諏訪木43483,1965/3/16,熊本県,B,buddhism,TRUE,FALSE,5
62,小寺 由佳利,オデラ ユカリ,女,769255357,,9075207533,iodera@pyrpakm.pcd.rd,930-3234,富山県,中新川郡立山町,伊勢屋1-14-11,1980/12/11,滋賀県,B,buddhism,TRUE,FALSE,5
63,藤村 奏利,フジムラ カナト,男,259176611,259176611,9082553775,Kanato_Fujimura@ryyruz.sdi,952-0853,新潟県,佐渡市,立間3-17-11,1996/10/28,山梨県,A,buddhism,TRUE,FALSE,6
64,前田 均,マエダ ヒトシ,男,226056772,226056772,8094640991,hitoshi0088@uiyzpsp.pk,989-4584,宮城県,栗原市,瀬峰清水山3-17-15,1983/4/30,群馬県,B,buddhism,TRUE,FALSE,5
65,神田 亀太郎,カンダ カメタロウ,男,289052934,289052934,8094925076,kametarou268@qvcdkx.dj,321-4107,栃木県,芳賀郡益子町,七井中央37030,1981/4/5,富山県,A,buddhism,TRUE,FALSE,5
66,奈良 徳男,ナラ トクオ,男,474980723,,8064004609,tokuo7714@pfpsxc.drev.bk,360-0104,埼玉県,熊谷市,塩43505,1964/10/19,鹿児島県,B,buddhism,TRUE,FALSE,6
67,橘 一正,タチバナ カズマサ,男,18719525,,9085522955,kazumasa3822@wyhleet.gkj,015-0021,秋田県,由利本荘市,大浦43538,1999/7/29,鳥取県,B,buddhism,TRUE,FALSE,2
68,北山 睦夫,キタヤマ ムツオ,男,857551835,,8032983839,mutsuo_kitayama@ymxrgfc.kl,680-0403,鳥取県,八頭郡八頭町,福井37578,1991/10/10,奈良県,A,buddhism,TRUE,FALSE,7
69,難波 克彦,ナンバ カツヒコ,男,294211414,,8087117147,onamba@xqzbkap.imhiq.hx,317-0051,茨城県,日立市,滑川本町43471,1974/6/20,鹿児島県,O,buddhism,TRUE,FALSE,6
70,寺崎 佳音,テラサキ カノン,女,779575827,,9024968508,kanon860@nrzrwtu.arz,911-0824,福井県,勝山市,平泉寺町池ケ原37974,1974/6/2,東京都,B,buddhism,TRUE,FALSE,5
71,羽鳥 康之,ハトリ ヤスユキ,男,555590835,,9057344828,yasuyuki92511@gcwouizb.nx,404-0015,山梨県,山梨市,牧丘町城古寺3-18-13,1974/2/19,徳島県,A,buddhism,TRUE,FALSE,1
72,五十嵐 啓吾,イガラシ ケイゴ,男,193198129,,8087119308,keigo86627@ouqt.gkzuc.kc,029-4461,岩手県,奥州市,衣川平37486,1979/8/20,山口県,O,buddhism,TRUE,FALSE,3
73,原 珠希,ハラ タマキ,女,744106763,,9049931856,tamaki7665@hupy.ll,636-0063,奈良県,北葛城郡河合町,久美ケ丘37230,1962/2/14,北海道,O,buddhism,TRUE,FALSE,3
74,堤 和佳,ツツミ ワカ,女,18699495,18699496,8097859707,yxkwamskjrlwaka45213@nlwla.lgn,013-0038,秋田県,横手市,前郷一番町36953,1988/12/18,福岡県,O,buddhism,TRUE,FALSE,6
75,瀬尾 蒼衣,セオ アオイ,女,194301789,,9054096789,aoiseo@llpgwobcdc.yi,028-7304,岩手県,八幡平市,緑ガ丘37657,1976/8/30,佐賀県,B,buddhism,TRUE,FALSE,5
76,高田 保,コウダ タモツ,男,868872999,,8088224095,tamotsu_kouda@dxvadbr.zwia.ziq,700-0806,岡山県,岡山市北区,広瀬町37135,1972/9/6,宮城県,O,buddhism,TRUE,FALSE,4
77,寺田 敬子,テラダ ケイコ,女,977443495,,9026590969,keiko10068@zxtvlfob.maoki.wz,875-0344,大分県,臼杵市,野津町白岩4-15-16,1970/7/30,愛媛県,A,buddhism,TRUE,FALSE,5
78,黒木 米子,クロキ ヨネコ,女,260827190,,9018783946,yoneko0835@kxbhxg.jq,394-0048,長野県,岡谷市,川岸上43530,1967/5/17,鳥取県,B,buddhism,TRUE,FALSE,4
79,那須 愛理,ナス アイリ,女,779558010,,8074241423,inasu@banjgk.mo.jz,910-3518,福井県,福井市,国山町43472,1983/10/8,岡山県,O,buddhism,TRUE,FALSE,6
80,橘 浩次,タチバナ コウジ,男,889675125,889675125,9031865136,kouji809@anikp.eu,780-0957,高知県,高知市,山手町37365,1971/3/6,宮崎県,O,buddhism,TRUE,FALSE,3
81,三浦 健二,ミウラ ケンジ,男,450686922,,9095147569,kenji700@gcmwu.am,231-0005,神奈川県,横浜市中区,本町37272,1977/8/7,青森県,AB,buddhism,TRUE,FALSE,4
82,佐川 桜歌,サガワ オウカ,男,965283500,965283500,8066091410,ouka623@pvkarq.gvh,861-0164,熊本県,熊本市北区,植木町鈴麦43536,1999/9/25,長野県,B,buddhism,TRUE,FALSE,4
83,長谷川 由紀,ハセガワ ユキ,女,85633131,,8016426939,yuki63756@pskou.cp,693-0036,島根県,出雲市,平成町43478,1994/6/26,神奈川県,O,buddhism,TRUE,FALSE,6
84,相原 真衣,アイハラ マイ,女,183935119,183935120,9067829167,mai49196@tsgcup.eqv,017-0057,秋田県,大館市,沼館37061,1991/10/17,茨城県,AB,buddhism,TRUE,FALSE,5
85,田端 裕,タバタ ヒロ,男,98284384,,,hiro7371@geqowarchc.wy,882-1415,宮崎県,西臼杵郡高千穂町,五ケ所43498,1999/4/17,千葉県,A,buddhism,TRUE,FALSE,6
86,柏原 彩花,カシワバラ アヤカ,女,293708235,,9049444170,ayaka_kashiwabara@oejcpql.qmt,315-0004,茨城県,石岡市,柏原町37142,1999/10/29,岩手県,A,buddhism,TRUE,FALSE,7
87,山川 文平,ヤマカワ ブンペイ,男,115499976,,8065426637,bumpei1945@jhzmzys.sx,086-1633,北海道,標津郡標津町,北三条37787,1978/9/5,福井県,AB,buddhism,TRUE,FALSE,5
88,金城 奈々,カナシロ ナナ,女,984895020,,,akanashiro@dxwarjxumr.ksc.lly,889-0603,宮崎県,東臼杵郡門川町,加草43543,1984/4/6,福井県,A,buddhism,TRUE,FALSE,3
89,佐野 修子,サノ シュウコ,女,896760523,,9084142115,shuuko3584@feggubyvj.xnq,796-8037,愛媛県,八幡浜市,谷2-16-6,1993/4/19,福島県,A,buddhism,TRUE,FALSE,4
90,上岡 花,カミオカ ハナ,女,183384339,,8034531228,hana247@pixwa.kk.hdg,013-0524,秋田県,横手市,大森町清水上3-19-5,1967/10/18,群馬県,O,buddhism,TRUE,FALSE,5
91,亀山 常夫,カメヤマ ツネオ,男,770571179,770571179,9049151369,tsuneo401@xutp.lhl,916-0221,福井県,丹生郡越前町,三崎4-20-3,1972/2/17,石川県,O,buddhism,TRUE,FALSE,2
92,木田 吉雄,キダ ヨシオ,男,760695844,,9075152305,yoshiokida@dttkpe.eyt,939-1912,富山県,南砺市,大島4-16-14,1973/10/2,大阪府,O,buddhism,TRUE,FALSE,8
93,稲垣 篤紘,イナガキ アツヒロ,男,397202057,,8040785181,zzujiuwftvg-atsuhiro828@jmbzoatb.tg,198-0052,東京都,青梅市,長淵1-14-18,1997/5/10,愛媛県,B,buddhism,TRUE,FALSE,1
94,石崎 蓮,イシザキ レン,女,445030265,,9076322117,ren044@ltdqrzv.fdw,253-0005,神奈川県,茅ヶ崎市,松風台38116,1965/7/23,高知県,O,buddhism,TRUE,FALSE,5
95,横川 米吉,ヨコカワ ヨネキチ,男,781208456,,8034564211,yonekichi828@bkfwbvty.vh.bso,669-2422,兵庫県,篠山市,後川上37241,1999/2/17,熊本県,O,buddhism,TRUE,FALSE,2
96,柳瀬 来実,ヤナセ クルミ,女,230674064,,8058954695,kurumi583@tqjhu.hkh,990-0333,山形県,東村山郡山辺町,杉下2-17-3,1994/10/12,京都府,A,buddhism,TRUE,FALSE,8
97,前田 紀男,マエダ ノリオ,男,738167605,738167606,8025082592,norio_maeda@bmvmexct.fgg,644-0043,和歌山県,日高郡美浜町,吉原37603,1997/3/9,宮崎県,O,buddhism,TRUE,FALSE,5
98,宮原 紀夫,ミヤハラ ノリオ,男,597911664,,9057150935,norio528@yftdiuow.kx,518-0875,三重県,伊賀市,上野向島町43514,1978/12/29,静岡県,B,buddhism,TRUE,FALSE,3
99,三島 章治郎,ミシマ ショウジロウ,男,972654075,,9038262055,shoujirou898@wdfkovlhie.hmdo.yg,879-1504,大分県,速見郡日出町,大神1-20-4,1980/8/31,茨城県,A,buddhism,TRUE,FALSE,5
100,都築 有美,ツズキ ユミ,女,465399024,,8021773520,yumi659@unlvh.qjads.gyw,227-0054,神奈川県,横浜市青葉区,しらとり台43566,1987/1/20,和歌山県,A,buddhism,TRUE,FALSE,6
101,塩谷 徳一,シオタニ トクイチ,男,243631899,,8071111532,Tokuichi_Shiotani@pqnbk.eea,962-0815,福島県,須賀川市,牡丹園43535,1995/1/18,愛媛県,AB,buddhism,TRUE,FALSE,2
102,寺田 安子,テラダ ヤスコ,女,77711211,77711212,9063822462,yasukoterada@bragamcw.yqbex.zd,629-1103,京都府,船井郡京丹波町,下乙見3-15-1,1973/3/10,青森県,AB,buddhism,TRUE,FALSE,5
103,上村 清司,ウエムラ キヨシ,男,576961920,,8012311864,kiyoshi319@lguqw.wxti.gz,507-0015,岐阜県,多治見市,住吉町3-17-7,1966/10/25,長野県,O,buddhism,TRUE,FALSE,5
104,板倉 信也,イタクラ シンヤ,男,444423441,,9013898447,shinya682@immcyjoo.uon.eto,259-1326,神奈川県,秦野市,渋沢上43472,1993/6/25,山梨県,B,buddhism,TRUE,FALSE,7
105,東 理香,アズマ リカ,女,772532406,,8058918934,rika387@rplscpvthv.jp,626-0061,京都府,宮津市,波路38080,1975/1/31,栃木県,B,buddhism,TRUE,FALSE,6
106,鹿島 遥花,カシマ ハルカ,女,874099600,874099601,8080589105,o=uosnvevharuka80615@bcgzld.wd.xlf,763-0081,香川県,丸亀市,土器町西43507,1997/2/12,栃木県,A,buddhism,TRUE,FALSE,5
107,石川 省吾,イシカワ ショウゴ,男,170572055,,9026919566,ceksqteshougo1115@odakzmcwj.rjbmb.xtd,037-0043,青森県,五所川原市,蓮沼37792,1990/5/1,徳島県,O,buddhism,TRUE,FALSE,5
108,石橋 瑠璃,イシバシ ルリ,女,883056582,,8069012301,ruri9379@afdclep.ek,771-1702,徳島県,阿波市,阿波町早田1-18-18,1993/6/27,愛媛県,O,buddhism,TRUE,FALSE,5
109,久野 清太郎,ヒサノ セイタロウ,男,599862317,,8091017698,seitarou638@ixiuc.rq,513-0843,三重県,鈴鹿市,平田東町37657,1987/9/18,栃木県,O,buddhism,TRUE,FALSE,3
110,田端 清吉,タバタ セイキチ,男,922799272,,9089683054,seikichi7793@lqpdel.ccvsn.yu,800-0047,福岡県,北九州市門司区,藤松37228,1998/3/20,山口県,A,buddhism,TRUE,FALSE,6
111,塚原 一路,ツカハラ カズミチ,男,888419536,888419536,9020017168,kazumichitsukahara@zymriw.bjj,780-0916,高知県,高知市,城北町38340,1969/2/4,鳥取県,B,buddhism,TRUE,FALSE,6
112,益田 蘭,マスダ ラン,女,771506560,,8034991531,nmasuda@aabrekwti.kqzdc.ml,602-8494,京都府,京都市上京区,新猪熊東町43504,1973/2/9,東京都,A,buddhism,TRUE,FALSE,1
113,中西 千裕,ナカニシ チヒロ,女,596908625,596908625,8024989161,chihironakanishi@ibsyllsbw.oo,515-0349,三重県,多気郡明和町,川尻37205,1963/1/23,千葉県,B,buddhism,TRUE,FALSE,6
114,大久保 真実,オオクボ マミ,女,185288468,,9062075032,nsnztbmami886@fyttmeoojt.pv,015-0323,秋田県,由利本荘市,土倉43571,1964/1/31,滋賀県,A,buddhism,TRUE,FALSE,5
115,鶴岡 好,ツルオカ ヨシ,女,955646937,,8097265373,kvy-bvvzogibdo=yoshi634@tche.ior,851-0103,長崎県,長崎市,中里町37880,1990/2/15,兵庫県,A,buddhism,TRUE,FALSE,6
116,岩崎 利平,イワサキ リヘイ,男,993810362,993810363,9059517407,riheiiwasaki@trfh.eblcq.ig,899-5204,鹿児島県,姶良市,加治木町日木山2-14-12,1966/5/9,奈良県,A,buddhism,TRUE,FALSE,2
117,海野 さくら,ウミノ サクラ,女,268979434,,8032139821,sakura769@csosgdpht.gbhwl.wxk,381-0075,長野県,長野市,北郷37059,1996/11/21,山口県,A,buddhism,TRUE,FALSE,2
118,神崎 千恵子,カンザキ チエコ,女,952960063,952960063,8056380478,chieko_kanzaki@ujuedmj.ftwj.vh,859-4513,長崎県,松浦市,志佐町田ノ平免38267,1965/3/28,岩手県,AB,buddhism,TRUE,FALSE,5
119,中田 満夫,ナカダ ミツオ,男,977394186,,8062111744,cbfxiqtmitsuo01907@kgciz.ino,875-0032,大分県,臼杵市,風成3-14-5,1984/6/14,千葉県,O,buddhism,TRUE,FALSE,6
120,川嶋 恭之,カワシマ ヤスユキ,男,882801312,,9076626952,yasuyuki1499@gaibzzpcc.kap,781-6454,高知県,安芸郡北川村,島38218,1960/1/17,埼玉県,A,buddhism,TRUE,FALSE,5
121,宇佐美 一博,ウサミ カズヒロ,男,466242014,,9051113877,kazuhiro1111@vyhflhppr.jv,221-0023,神奈川県,横浜市神奈川区,宝町43480,1988/3/19,山形県,B,buddhism,TRUE,FALSE,1
122,久野 英司,ヒサノ エイジ,男,954082470,,8083759958,eiji214@spprwjiqa.ko,840-0805,佐賀県,佐賀市,神野西43485,1989/5/19,鳥取県,A,buddhism,TRUE,FALSE,3
123,北沢 孝雄,キタザワ タカオ,男,280045555,,9041195381,ccyeao=eiwlqtakao10877@rllxaiwdzq.bah,321-2117,栃木県,宇都宮市,岩原町37690,1982/8/19,広島県,B,buddhism,TRUE,FALSE,7
124,大林 幸次,オオバヤシ コウジ,男,476722147,,9062634766,ioobayashi@nnzsmss.jgm,270-2214,千葉県,松戸市,松飛台43482,1961/12/2,宮城県,A,buddhism,TRUE,FALSE,6
125,梶田 貞,カジタ サダ,女,82747555,82747555,8020911735,akajita@bixtto.hk,731-0502,広島県,安芸高田市,吉田町国司37993,1964/2/4,長崎県,AB,buddhism,TRUE,FALSE,2
126,伊沢 凛香,イザワ リンカ,女,734597929,,9055401444,rinka508@nlirzlpkfs.ne.ssg,649-1231,和歌山県,日高郡日高町,小坂43563,1989/2/18,岐阜県,O,buddhism,TRUE,FALSE,1
127,福井 晴彦,フクイ ハルヒコ,男,996903787,,9078178002,haruhiko806@hpkjbbbwvz.psk,899-7309,鹿児島県,曽於郡大崎町,井俣37333,1960/7/18,大阪府,A,buddhism,TRUE,FALSE,7
128,平田 次郎,ヒラタ ジロウ,男,226517467,,8081423253,jirou5934@uyyfqdc.fip,987-0433,宮城県,登米市,南方町沼崎3-13-12,1988/4/5,宮崎県,B,buddhism,TRUE,FALSE,7
129,今西 寿晴,イマニシ トシハル,男,434282770,,8011349799,toshiharu668@gxtt.fs,261-0025,千葉県,千葉市美浜区,浜田3-19-17,1967/4/22,島根県,O,buddhism,TRUE,FALSE,4
130,猪股 克哉,イノマタ カツヤ,男,2907850,,8054632285,katsuya31425@basbooymv.rwv,301-0822,茨城県,龍ケ崎市,光順田43482,1988/9/15,埼玉県,AB,buddhism,TRUE,FALSE,6
131,井出 昭男,イデ アキオ,男,984175586,,9060959169,akioide@zgik.cl,889-1802,宮崎県,都城市,山之口町花木1-19-12,1979/10/5,岡山県,B,buddhism,TRUE,FALSE,1
132,長野 譲,ナガノ ユズル,男,145685692,145685693,9022130784,yuzurunagano@nrrcvhw.gme,091-0023,北海道,北見市,留辺蘂町旭中央37258,1976/8/28,鹿児島県,O,buddhism,TRUE,FALSE,6
133,上杉 幸春,ウエスギ ユキハル,男,99847401,99847401,8088654490,yukiharu564@xvcwgovg.nyw,899-3516,鹿児島県,南さつま市,金峰町浦之名37237,1991/9/11,埼玉県,B,buddhism,TRUE,FALSE,5
134,相沢 麻巳子,アイザワ マミコ,女,260303625,260303625,8054635749,mamiko79909@dqudvy.mj,396-0302,長野県,伊那市,高遠町芝平37593,1975/12/29,東京都,A,buddhism,TRUE,FALSE,5
135,唐沢 恵一,カラサワ ケイイチ,男,765532380,,8043430255,keiichi084@adaz.madvo.dik,930-0043,富山県,富山市,石倉町2-20-9,1974/6/2,長野県,O,buddhism,TRUE,FALSE,6
136,和泉 雄二,イズミ ユウジ,男,869654693,869654693,8048041875,yuuji7725@vpatso.rss,704-8191,岡山県,岡山市東区,西大寺中野3-19-20,1998/6/7,富山県,A,buddhism,TRUE,FALSE,8
137,三谷 乃愛,ミタニ ノア,女,681782394,,9033846908,ayvwzcoxtnoa10913@mfzcupxyug.tx.gt,594-1133,大阪府,和泉市,春木川町43525,1986/5/26,宮崎県,O,buddhism,TRUE,FALSE,5
138,金田 重行,カナダ シゲユキ,男,279335060,,9015725269,Shigeyuki_Kanada@kaynsrii.cn,370-2317,群馬県,富岡市,上高尾38311,1980/3/13,神奈川県,O,buddhism,TRUE,FALSE,3
139,植木 心春,ウエキ コハル,女,897942592,897942592,8085208883,uueki@zqxsromax.pjwtd.qx,796-8039,愛媛県,八幡浜市,布喜川37669,1982/7/2,和歌山県,A,buddhism,TRUE,FALSE,5
140,徳永 寅男,トクナガ トラオ,男,183368395,,9045145083,otokunaga@uifcwntxiu.aqx,018-0148,秋田県,にかほ市,象潟町下浜山3-16-14,1966/10/22,福島県,B,buddhism,TRUE,FALSE,6
141,杉本 冬真,スギモト トウマ,男,151174638,151174638,9085978789,asugimoto@oroltiunh.az,074-1182,北海道,旭川市,神居町豊里3-13-16,1999/10/9,兵庫県,B,buddhism,TRUE,FALSE,5
142,石井 佳那子,イシイ カナコ,女,263125472,263125472,8024578918,kanako236@cotagba.yqb,389-1222,長野県,上水内郡飯綱町,柳里43533,1996/3/17,長野県,O,buddhism,TRUE,FALSE,5
143,南田 金作,ミナミダ キンサク,男,287432993,,8075364023,kinsaku_minamida@gqwb.fqv,327-0017,栃木県,佐野市,大町43472,1993/5/7,青森県,A,buddhism,TRUE,FALSE,6
144,沖 健,オキ ケン,男,594952088,594952089,8035763314,Ken_Oki@vbzjoqt.pk,510-0043,三重県,四日市市,南納屋町36911,1983/2/5,東京都,O,buddhism,TRUE,FALSE,2
145,宮本 修三,ミヤモト シュウゾウ,男,78259011,,9069366740,yhqzmygiyvhshuuzou98648@wgkc.gor,670-0027,兵庫県,姫路市,景福寺前4-17-11,1982/3/27,山形県,B,buddhism,TRUE,FALSE,3
146,武田 照,タケダ テル,女,194732784,,8094956210,teru_takeda@neklyvyob.qep,028-0501,岩手県,遠野市,青笹町糠前38211,1974/11/20,山口県,A,buddhism,TRUE,FALSE,7
147,重松 弘子,シゲマツ ヒロコ,女,991350822,991350822,9094274344,hiroko_shigematsu@umeqmqilp.het.rb,895-1802,鹿児島県,薩摩郡さつま町,田原38236,1965/12/26,埼玉県,A,buddhism,TRUE,FALSE,5
148,結城 徳雄,ユウキ トクオ,男,124454393,124454393,8087539961,tokuoyuuki@dsgps.yr,068-0101,北海道,岩見沢市,栗沢町北斗43566,1986/10/13,山口県,B,buddhism,TRUE,FALSE,3
149,三井 今日子,ミツイ キョウコ,女,46605416,,9033555274,kyouko125@oxhihflch.xnv,341-0056,埼玉県,三郷市,番匠免2-14-14,1991/4/11,愛媛県,B,buddhism,TRUE,FALSE,4
150,安田 恭之,ヤスダ ヤスユキ,男,189077131,,9047634920,yasuyuki55084@yfzsvj.zsne.wnw,016-0851,秋田県,能代市,緑町2-18-15,1964/5/26,兵庫県,A,buddhism,TRUE,FALSE,1
151,長岡 綾音,ナガオカ アヤネ,女,556642700,556642701,9016990223,ayanenagaoka@ltzbfn.jf,409-0126,山梨県,上野原市,コモアしおつ37744,1968/1/11,山口県,B,buddhism,TRUE,FALSE,6
152,金沢 良明,カナザワ ヨシアキ,男,735739990,,9035516513,yoshiaki446@brec.gezw.ad,649-6501,和歌山県,紀の川市,北志野43559,1998/7/30,北海道,AB,buddhism,TRUE,FALSE,3
153,藤田 睦,フジタ ムツミ,女,28507221,28507221,8076091580,mutsumi616@zgwgzufo.ep,322-0055,栃木県,鹿沼市,石橋町37167,1986/8/5,広島県,B,buddhism,TRUE,FALSE,6
154,江崎 颯太,エザキ ソウタ,男,929638599,,9011222871,aezaki@kgejspwv.rg,802-0031,福岡県,北九州市小倉北区,赤坂海岸2-16-14,1963/8/5,岐阜県,B,buddhism,TRUE,FALSE,4
155,瀬尾 義美,セオ ヨシミ,女,231721408,,8043214219,tciwg=gn=fgvkyoshimi91543@zngycntya.hm,990-0045,山形県,山形市,桜町43474,1964/10/2,鳥取県,O,buddhism,TRUE,FALSE,5
156,浜田 亜衣,ハマダ アイ,女,172727567,,8080688478,aihamada@zajdm.yh.zjf,039-1203,青森県,三戸郡階上町,鳥屋部1-16-3,1976/8/6,三重県,O,buddhism,TRUE,FALSE,7
157,小谷 宣政,コタニ ノブマサ,男,950542799,,9063619543,nobumasa4153@oncy.usnvq.obb,855-0822,長崎県,島原市,中組町37446,1974/9/7,奈良県,A,buddhism,TRUE,FALSE,5
158,松山 天人,マツヤマ タカト,男,976959619,,8081212287,Takato_Matsuyama@msijwtcyq.pf,879-5113,大分県,由布市,湯布院町川西1-18-1,1997/2/14,北海道,O,buddhism,TRUE,FALSE,5
159,新谷 華乃,アラヤ カノ,女,88833436,,8094244757,kano294@puzpleyy.shmex.dzj,779-4801,徳島県,三好市,井川町浜西37273,1994/10/7,佐賀県,O,buddhism,TRUE,FALSE,5
160,吉沢 晶,ヨシザワ アキラ,女,551662189,551662190,8082045700,akira66042@batg.tp,409-3832,山梨県,中央市,馬籠43571,1985/4/15,岐阜県,A,buddhism,TRUE,FALSE,2
161,野口 佳歩,ノグチ カホ,女,183636711,,8073701371,kaho05629@pnprd.ae,010-0142,秋田県,秋田市,下新城青崎43565,1960/5/17,長崎県,A,buddhism,TRUE,FALSE,8
162,三枝 美玖,サエグサ ミク,女,695563653,,8039417249,usaegusa@gphgcso.hh.lwt,598-0021,大阪府,泉佐野市,日根野37026,1997/6/9,和歌山県,O,buddhism,TRUE,FALSE,4
163,金井 哲郎,カネイ テツロウ,男,193224495,,9066347980,Tetsurou_Kanei@lqffim.zoe,027-0042,岩手県,宮古市,神田沢町43469,1998/9/15,東京都,O,buddhism,TRUE,FALSE,3
164,粕谷 奈穂,カスヤ ナホ,女,980674924,,9075008470,naho361@xnwelfk.cv.xd,901-2401,沖縄県,中頭郡中城村,久場43473,1984/1/12,埼玉県,B,buddhism,TRUE,FALSE,7
165,藤岡 幸三郎,フジオカ コウザブロウ,男,735937970,,8076421695,kouzaburou8631@bmgkind.adyuw.hwv,643-0365,和歌山県,有田郡有田川町,中原4-18-8,1966/2/18,宮崎県,O,buddhism,TRUE,FALSE,6
166,河村 雅俊,カワムラ マサトシ,男,179180165,,9091502300,anaxkwsvmasatoshi397@olyz.qmn,039-2657,青森県,上北郡東北町,赤川道37257,1980/11/6,愛知県,AB,buddhism,TRUE,FALSE,2
167,平本 有美,ヒラモト ユミ,女,966005969,,8015637322,yumi83383@mspwetuq.phiw.jc,869-5173,熊本県,八代市,二見赤松町2-19-5,1974/3/24,北海道,A,buddhism,TRUE,FALSE,7
168,広瀬 愛,ヒロセ アイ,女,598280308,,8039416759,aihirose@nhyqt.bl,511-0257,三重県,員弁郡東員町,北大社43507,1970/12/9,和歌山県,B,buddhism,TRUE,FALSE,3
169,矢野 初音,ヤノ ハツネ,女,79922388,79922388,8032974778,hatsune62199@aiyxoq.byo.om,652-0051,兵庫県,神戸市兵庫区,里山町43564,1976/2/4,岡山県,O,buddhism,TRUE,FALSE,8
170,大嶋 里桜,オオシマ リオ,女,763654683,,8051893977,jrtznxxnytrio277@cswcdunii.vlnvi.yzw,927-0626,石川県,鳳珠郡能登町,田代43532,1962/1/14,愛媛県,O,buddhism,TRUE,FALSE,5
171,服部 和裕,ハットリ カズヒロ,男,938118141,,9032181518,kazuhiro438@mvlxluhi.zy,811-3124,福岡県,古賀市,薬王寺37054,1995/3/10,北海道,AB,buddhism,TRUE,FALSE,7
172,横井 啓三,ヨコイ ケイゾウ,男,773674042,773674042,9098389940,Keizou_Yokoi@wyognjbw.cb,600-8203,京都府,京都市下京区,屋形町37236,1985/2/26,熊本県,O,buddhism,TRUE,FALSE,2
173,谷内 昌利,タニウチ マサトシ,男,834775436,,8058023167,masatoshitaniuchi@acdbiiqp.ypv,751-0865,山口県,下関市,綾羅木新町43477,1973/11/3,奈良県,B,buddhism,TRUE,FALSE,6
174,原 勇次,ハラ ユウジ,男,598692202,,8095155347,ihara@zmekrhdmf.ee.jue,511-0071,三重県,桑名市,駅元町1-15-4,1980/8/21,鹿児島県,O,buddhism,TRUE,FALSE,3
175,西沢 沙紀,ニシザワ サキ,女,174542289,174542289,8037209450,saki_nishizawa@clljrrri.tp,036-0366,青森県,黒石市,浦町43575,1981/3/24,茨城県,A,buddhism,TRUE,FALSE,5
176,前野 美由紀,マエノ ミユキ,女,853056547,853056548,8056694661,miyuki739@zwglm.kc,692-0215,島根県,安来市,伯太町高江寸次37137,1997/11/5,新潟県,B,buddhism,TRUE,FALSE,5
177,武藤 吉夫,タケフジ ヨシオ,男,234025624,,8065235698,yoshio_takefuji@qeapd.ihj,999-6708,山形県,酒田市,泉興野2-18-19,1972/8/23,沖縄県,A,buddhism,TRUE,FALSE,7
178,長岡 富士雄,ナガオカ フジオ,男,523410079,523410079,9074869308,fujio87675@eowtjspg.dft.pab,452-0807,愛知県,名古屋市西区,歌里町37243,1969/4/16,兵庫県,B,buddhism,TRUE,FALSE,6
179,福島 総一朗,フクシマ ソウイチロウ,男,963414638,,9024705977,ufukushima@cnxkhyf.mv,861-0532,熊本県,山鹿市,鹿校通37900,1961/12/19,愛知県,A,buddhism,TRUE,FALSE,7
180,向井 利昭,ムカイ トシアキ,男,243716448,,8093893429,imukai@bjpy.exe,962-0812,福島県,須賀川市,浜尾43507,1963/8/2,福岡県,O,buddhism,TRUE,FALSE,3
181,三谷 志帆,ミタニ シホ,女,227988446,,9079747875,shiho590@baxvtmawpm.vom,988-0077,宮城県,気仙沼市,古町43544,1975/1/3,長野県,AB,buddhism,TRUE,FALSE,5
182,西川 美来,ニシカワ ミク,女,533805642,,8045683610,miku749@spgiqjn.gu,444-0114,愛知県,額田郡幸田町,横落38054,1970/7/19,兵庫県,A,buddhism,TRUE,FALSE,5
183,阿部 文香,アベ フミカ,女,877917220,877917221,9057859327,fumikaabe@nmtsdgxb.jhj,762-0021,香川県,坂出市,西庄町43515,1994/1/29,東京都,A,buddhism,TRUE,FALSE,1
184,新村 裕一,ニイムラ ユウイチ,男,983933219,,9066244452,yuuichi_niimura@iowcfccbwx.uw.oxi,881-0113,宮崎県,西都市,下三財1-18-15,1994/4/19,茨城県,A,buddhism,TRUE,FALSE,5
185,湯川 真一,ユカワ シンイチ,男,179246679,,8054530144,haswxzvyxshinichi3279@ceabm.ts,030-1301,青森県,東津軽郡外ヶ浜町,蟹田石浜43475,1975/11/21,秋田県,O,buddhism,TRUE,FALSE,6
186,伊東 友紀,イトウ ユキ,女,552656595,,9031671036,yukiitou@uxgexyw.stz.yk,424-0003,静岡県,静岡市清水区,蜂ケ谷37411,1972/6/4,埼玉県,A,buddhism,TRUE,FALSE,1
187,松木 俊子,マツキ トシコ,女,267230058,267230058,8087692682,zywvfvkutoshiko5301@ogna.gtx,385-0014,長野県,佐久市,三河田43513,1995/3/19,埼玉県,B,buddhism,TRUE,FALSE,5
188,宇野 楓香,ウノ フウカ,女,152800928,,9067502671,szhvzjp--oe=xfuuka4031@rwjvb.bfj,073-0142,北海道,砂川市,西二条南37349,1966/2/13,山梨県,A,buddhism,TRUE,FALSE,1
189,豊田 百香,トヨダ モモカ,女,736063441,,8033360694,momoka604@zzbczoym.fux,640-1244,和歌山県,海草郡紀美野町,福田37594,1998/9/10,茨城県,A,buddhism,TRUE,FALSE,7
190,北沢 御喜家,キタザワ ミキヤ,男,956276967,956276967,9087938641,mikiya0335@xhqh.wgw,853-0214,長崎県,五島市,富江町土取37780,1992/8/16,徳島県,O,buddhism,TRUE,FALSE,7
191,大木 義彦,オオキ ヨシヒコ,男,284601578,,9060084980,Yoshihiko_Ooki@jfgzbv.hcf,323-0155,栃木県,小山市,福良3-16-12,1977/11/17,富山県,O,buddhism,TRUE,FALSE,5
192,安西 陽花,アンザイ ハルカ,女,865712593,,8014184502,haruka81733@tkuvnm.zp,704-8148,岡山県,岡山市東区,水門町37412,1968/12/20,東京都,A,buddhism,TRUE,FALSE,1
193,野間 灯,ノマ アカリ,女,635467147,635467147,9012955234,akari35898@vvmmrntuu.gm,569-1029,大阪府,高槻市,安岡寺町36982,1972/8/20,新潟県,O,buddhism,TRUE,FALSE,8
194,日下 空,クサカ ソラ,女,797006313,,9075823833,sora5567@wzdspkl.lx,675-1365,兵庫県,小野市,広渡町4-13-10,1971/3/20,奈良県,A,buddhism,TRUE,FALSE,6
195,斉藤 美奈子,サイトウ ミナコ,女,177627196,,8020916776,minakosaitou@cfdfputo.ppidi.jff,036-8181,青森県,弘前市,山道町38089,1977/11/8,福島県,O,buddhism,TRUE,FALSE,5
196,小山 勝治,オヤマ カツジ,男,987771897,,9022565571,katsujioyama@eqqof.pvt,901-0325,沖縄県,糸満市,大里37454,1987/11/15,京都府,O,buddhism,TRUE,FALSE,5
197,小嶋 瑠璃,オジマ ルリ,女,291241292,,8061592108,ruri91662@jhgv.xk,311-1123,茨城県,水戸市,下入野町3-19-2,1986/5/12,大分県,A,buddhism,TRUE,FALSE,5
198,田辺 春美,タナベ ハルミ,女,964495334,964495335,9047626573,harumitanabe@mfex.bvg,869-1208,熊本県,菊池市,旭志伊萩43556,1989/1/16,青森県,A,buddhism,TRUE,FALSE,6
199,寺崎 一美,テラサキ カズミ,女,893026582,,9059632878,kazumi858@slvo.wduj.ohx,791-1134,愛媛県,松山市,恵原町1-15-6,1976/8/10,高知県,B,buddhism,TRUE,FALSE,5
200,堀田 義和,ホッタ ヨシカズ,男,799269294,,9012546419,d-tcd=yoshikazu70766@wzbudpz.byf,671-1601,兵庫県,たつの市,揖保川町半田3-19-2,1974/8/18,宮城県,B,buddhism,TRUE,FALSE,8